{
  "visual": {
    "name": "Bar Chart",
    "displayName": "barChart",
    "guid": "PBI_CV_9894B302_1DFF_4A96_ABFE_BF8588197166",
    "visualClassName": "BarChart",
    "version": "3.2.0",
    "description": "Sample bar chart",
    "supportUrl": "pbicvsupport@microsoft.com",
    "gitHubUrl": ""
  },
  "apiVersion": "3.8.0",
  "author": {
    "name": "Author name",
    "email": "author@mail.com"
  },
  "assets": {
    "icon": "assets/icon.png"
  },
  "externalJS": [],
  "style": "style/visual.less",
  "capabilities": "capabilities.json"
}